{"cameraMode":{"drawMode":0,"name":"Shaded","section":"Shading Mode"},"sceneLighting":true,"audioPlay":false,"sceneViewState":{"showFog":true,"showMaterialUpdate":false,"showSkybox":true,"showFlares":true,"showImageEffects":true,"showParticleSystems":true},"in2DMode":false,"pivot":{"x":18.19780731201172,"y":-50.375,"z":154.458984375},"rotation":{"x":-0.7310689091682434,"y":-0.003070347011089325,"z":0.0032898366916924717,"w":-0.6822887659072876},"size":84.39749908447266,"orthographic":true}