{"cameraMode":{"drawMode":0,"name":"Shaded","section":"Shading Mode"},"sceneLighting":true,"audioPlay":false,"sceneViewState":{"showFog":true,"showMaterialUpdate":false,"showSkybox":true,"showFlares":true,"showImageEffects":true,"showParticleSystems":true},"in2DMode":false,"pivot":{"x":-1.625,"y":8.731279373168946,"z":-1.3179271221160889},"rotation":{"x":0.022488027811050416,"y":-0.029386412352323533,"z":0.0006614447920583189,"w":0.9993149042129517},"size":41.08660888671875,"orthographic":true}