{"cameraMode":{"drawMode":0,"name":"Shaded","section":"Shading Mode"},"sceneLighting":true,"audioPlay":false,"sceneViewState":{"showFog":true,"showMaterialUpdate":false,"showSkybox":true,"showFlares":true,"showImageEffects":true,"showParticleSystems":true},"in2DMode":false,"pivot":{"x":13.152824401855469,"y":-31.15234375,"z":6.80029296875},"rotation":{"x":-0.7310689091682434,"y":-0.003070347011089325,"z":0.0032898366916924717,"w":-0.6822887659072876},"size":62.62786865234375,"orthographic":true}