{"cameraMode":{"drawMode":0,"name":"Shaded","section":"Shading Mode"},"sceneLighting":true,"audioPlay":false,"sceneViewState":{"showFog":true,"showMaterialUpdate":false,"showSkybox":true,"showFlares":true,"showImageEffects":true,"showParticleSystems":true},"in2DMode":false,"pivot":{"x":794.5043334960938,"y":12.391926765441895,"z":-18.03829574584961},"rotation":{"x":-0.02271672710776329,"y":-0.0892602875828743,"z":0.002036610385403037,"w":-0.9957472085952759},"size":1423.4871826171875,"orthographic":true}